formType,teamnum,matchNum,autoReachD,autoShotSS,HiGAttempt,HiGAttain,LoGAttain,batter,scaleAttempt,scaleSuccess,broken,CDFCross,DBCross,LBCross,MoatCross,PCCross,RPCross,RWCross,RTCross,SPCross,autoCrossD,autoShotAtp,_id,_rev,language,views,redAlliance,blueAlliance,ballpick,drivetrain,aim,shooter,hpInfo
match,663,36,on,on,0,0,0,YES,on,on,,0,0,2,2,0,0,0,0,0,M,none,00d80588-0a85-92b7-c5d3-c95c12953e45,1-667292a40bc16afb536101f414bbad43,,,,,,,,,
match,4041,46,YES,on,2,1,0,YES,on,on,,0,0,0,6,2,0,0,0,0,M,none,02aa01cd-6c09-d70b-3cd4-327b3714d319,1-b68fb15948b8c44ef3635101751491f1,,,,,,,,,
match,3609,30,on,on,0,0,0,on,on,on,,0,0,0,0,0,1,0,0,0,N,none,02b0ed72-c392-7a63-41f3-af7ebccb274b,1-d9157292b699d1ee3b28fc529689a7cd,,,,,,,,,
match,3597,34,on,on,0,0,3,YES,on,on,,0,0,0,0,0,0,0,0,0,LB,none,02eaff54-bf9a-9b99-7810-bce93304705a,1-ba647b1d41b693f1f86399b3c6b1aa2a,,,,,,,,,
match,4925,20,on,on,0,0,0,on,on,on,only defense,0,0,0,0,0,0,0,0,0,N,none,0353636c-bb1e-68f0-4273-cd486acf9163,1-2d5eddb5e98940cafdf20c169415228c,,,,,,,,,
match,125,9,on,on,4,1,0,YES,on,on,,0,0,2,0,0,0,0,0,0,LB,Hi,0442e145-7563-1cf0-5331-24af8f3cd371,1-1a849aeee9717fe81ff34349d81e0532,,,,,,,,,
match,3930,26,on,on,0,0,2,YES,on,on,,2,0,0,0,0,0,0,0,0,RW,none,065b9f68-dea6-8bc9-42c5-643a89991aab,1-462101159fe38d3e24d35eb74ddf549b,,,,,,,,,
match,2648,49,YES,on,6,2,0,on,on,on,,0,0,1,1,0,0,1,0,0,M,none,067830cd-6225-b140-d37c-515a02472239,1-e16e6b8f02cf800dba3d1d58368e4845,,,,,,,,,
match,133,52,on,YES,3,5,0,YES,on,on,,0,0,2,0,0,0,0,0,0,LB,Hi,076daa01-08cc-56b2-da65-1c1d7d46f187,1-27136044f31f1c8bf853f57fc633c774,,,,,,,,,
pit,133,,,,,,,,,,,,,,,,,,,,,,07fdd89f-4aee-cd0a-621b-7067713ff39a,1-cae3aeaada148a80e795da53b1174176,,,,,on,west,DR,cat,"both image tracking and dead reckoning

igh goal goal clumbing"
match,4555,43,YES,on,0,0,0,on,on,on,,0,0,0,2,2,0,1,0,0,M,none,0880dda2-8cbc-c41b-8991-b366a87c6c82,1-0ba0f441dc6092d9cc217d4780fa5057,,,,,,,,,
pit,6224,,,,,,,,,,,,,,,,,,,,,,08dd5207-eea9-992f-e1d6-54e1d40138ff,1-9d3adbabfdba24eb546520f0e3af094e,,,,,YES,west,DR,none,breacher
match,230,18,YES,YES,8,6,0,YES,on,on,,0,0,3,0,0,0,0,0,0,LB,none,0941d811-16d9-fc73-5559-6e51e35df7ab,1-bc2fdd598660c7d88c8059cca2f927e6,,,,,,,,,
match,663,48,YES,on,0,0,4,YES,on,on,,0,0,1,0,0,1,0,0,0,LB,none,094e73a3-7c84-61dd-919a-7e4be505fc18,1-9a1bfcb917aba6ae74f7b8c31b5de82f,,,,,,,,,
match,133,42,on,YES,7,7,0,YES,on,on,,0,0,3,0,0,2,0,0,0,LB,Hi,0e527ce9-e783-8603-d8a1-6af9ecc8a0d4,1-76b5ae5dc13db48ab0ae4d512f60130e,,,,,,,,,
pit,2646,,,,,,,,,,,,,,,,,,,,,,0f114ff1-efb8-1572-c4ef-90345881037e,1-548be917e9f59c2127043fe6dbd1a522,,,,,YES,west,DR,wheel,
match,230,7,YES,on,8,7,0,YES,on,on,,0,0,1,0,0,0,0,0,0,LB,none,0f791710-f871-6312-a43e-5f5ed6a53002,1-49630e3dcca7080daaa1e1ab8be3c512,,,,,,,,,
match,5902,54,YES,on,0,0,3,on,on,on,,0,0,4,0,0,0,0,0,4,RW,none,106648e4-51b2-71bc-2ba6-7bd019cbd94a,1-a41f1ff2d48951f053e1b46becf1e4ae,,,,,,,,,
match,4564,37,YES,on,3,3,0,YES,on,on,,1,0,1,0,0,0,0,1,0,CDF,none,12877e2d-5b44-8c67-3213-1cf7da26d323,1-a8d245d18730ba35780a6ba4b844ba71,,,,,,,,,
match,3585,37,YES,on,0,0,0,on,on,on,,0,0,0,0,0,0,0,0,0,N,none,14f7e650-b68e-a6c0-98b9-68f5de13523c,1-ce00f9189f7e2c4467bc794386442cae,,,,,,,,,
match,3597,10,on,on,0,0,0,on,on,on,no sow,0,0,0,0,0,0,0,0,0,N,none,153b1ec0-283f-768b-a324-d234df0ffb45,1-33e0850f8bad6c79f9cc9094abf9b832,,,,,,,,,
match,3451,41,on,on,2,0,0,YES,on,on,,0,1,0,0,0,2,0,0,5,N,none,15b910bb-b5f4-5440-6b25-197d44c77e85,1-a4344aa23c96883dc3c1444f0c979fc7,,,,,,,,,
match,3597,23,YES,on,1,0,0,YES,on,on,,0,0,0,0,0,1,1,0,0,RW,none,15fb4d30-3dc0-8c44-7f32-fbc98e59bad3,1-fc6f263071a719ce69d18ee842fa149c,,,,,,,,,
match,4925,29,on,on,0,2,0,YES,on,on,,0,0,0,0,0,0,0,0,0,N,none,164f8336-575c-5b38-287d-e400ef288eb3,1-fd4a7438abb396f2c61b5ab96d82e3bc,,,,,,,,,
match,663,29,on,on,0,0,1,YES,on,on,,2,0,1,0,0,0,1,0,2,LB,none,17851fff-5528-89bf-6a07-c308f024b0ba,1-cecfef7035788fd15e429706eee7d947,,,,,,,,,
pit,663,,,,,,,,,,,,,,,,,,,,,,1b6736e8-6f3a-6d39-5a49-a2a151a096b0,1-71e03d10296215cb8da8dc5c505203dc,,,,,YES,traction,DR,none,
pit,5902,,,,,,,,,,,,,,,,,,,,,,1b83c57f-1e23-d291-fd6b-13e3e8d81fe9,1-d659caf914d92b6df07a825cc6113067,,,,,YES,west,DR,canon,
match,716,32,on,on,0,0,4,YES,on,on,,0,0,0,0,0,0,2,0,0,RW,none,1cf91ab1-5964-a649-9ddf-3f2bac1ef14f,1-af44bc81becc4616afa8fcb0381de41f,,,,,,,,,
match,5263,29,YES,YES,0,0,2,on,on,on,,0,0,0,0,0,2,0,0,1,RT,Lo,1d2ea589-a851-5e19-7272-26131ffc244b,1-a245cb802b0bfe76fa9c40a0b7309e48,,,,,,,,,
match,4958,19,YES,on,0,0,0,YES,on,on,,0,0,1,0,0,0,0,0,1,LB,none,1d44ef84-13d2-ce20-2ee4-2b0537cce363,1-86d34769a479cfe7a71f094d74c0842b,,,,,,,,,
match,4906,9,YES,on,4,4,0,YES,on,on,,2,0,1,1,0,0,0,0,0,M,Hi,1dc8ebbe-7e08-d474-80d8-1ba64fe4b1ae,1-b5dee4cc058cad0376502a947bed5b93,,,,,,,,,
match,2523,21,on,on,3,1,0,on,on,on,,0,0,0,0,0,2,0,0,0,N,none,1e6bc37f-0b58-6df6-937d-0ac74b69b6b4,1-3041443a5340efe8d29a71ec7418fa18,,,,,,,,,
match,3525,35,on,on,0,0,0,on,on,on,,0,0,0,0,0,0,1,0,0,LB,none,1f1de3ff-a720-f66d-bb51-d481c48f4ce5,1-7356a2a158e8399cd3920f6608ae6fcf,,,,,,,,,
match,2648,21,YES,on,2,3,0,YES,on,on,,0,0,0,0,0,1,2,0,0,RW,none,1fdb5b57-ef0e-0ab8-55e6-4f196cdd4b80,1-8bca851a1e5578fe857fd73a6664eeeb,,,,,,,,,
match,6224,60,on,on,0,0,0,on,on,on,,0,0,1,0,0,0,1,0,0,RW,none,202602c0-3bdb-95d0-8ffe-d27e70fc06fd,1-199185cda0d5d9823122ad25523b3fbf,,,,,,,,,
match,4925,51,on,on,4,2,0,YES,on,on,,0,0,0,0,0,0,0,0,0,N,none,21de8b06-9eb7-947d-2429-1faa49cc2995,1-fa70f59cd39ec9f71cb9873142d5a9bf,,,,,,,,,
match,125,48,on,on,0,0,0,on,on,on,,0,0,0,0,0,0,0,0,0,N,none,22445c81-5712-aad4-ebe2-8a7813dab8f1,1-9253da9c41c83ebee1dc79791c9e60ba,,,,,,,,,
match,5471,43,YES,on,0,0,0,YES,on,on,,0,0,3,0,0,0,0,0,0,N,none,2311ccc5-2592-b9b4-e850-80f47ac4e82c,1-f1cce9271c4449b90f62f579b09c7863,,,,,,,,,
match,5265,47,YES,on,0,0,0,on,on,on,,0,0,0,0,2,0,0,0,2,M,none,242aeda6-d173-a071-c680-934ee914a9ba,1-b4971773ee2cd487aa905d16d70996a8,,,,,,,,,
pit,3930,,,,,,,,,,,,,,,,,,,,,,24b9d167-fa61-1213-2f07-7e649cb539c2,1-300353679cf226efe8a79cf2b070d0c3,,,,,YES,tread,IR,wheel,"fast breach of all defences
"
match,5752,52,YES,on,0,0,2,YES,on,on,,0,0,0,0,0,0,0,0,0,LB,none,2617a522-5dc8-f1de-e7fd-4c7a6b189b75,1-5060c65c3d266abfd233def98861c749,,,,,,,,,
match,4555,47,YES,on,0,0,0,on,on,on,,0,0,3,0,1,0,0,0,1,LB,none,26b5c936-f7c3-904f-6ab7-733f9813863e,1-58107520a6c074a644ad2ff6a02c6c62,,,,,,,,,
match,172,45,YES,on,0,0,0,YES,on,on,,0,0,0,1,0,0,1,0,0,N,none,27911903-95f0-7587-d24f-81f5e0181f1c,1-801c18da4839b4a18a25daf310e6aeb9,,,,,,,,,
pit,4564,,,,,,,,,,,,,,,,,,,,,,28e7047f-ab05-1b62-df28-af8bc11aab0e,1-cabf738b4c6f88ac67cbc96ff10c493c,,,,,YES,west,DR,wheel,
match,319,47,YES,on,4,1,2,YES,on,on,,0,0,4,0,0,0,1,0,0,RW,Hi,2a75c0c6-b5ac-f7bd-5645-6590bfd59179,1-b845eb0f98619d2d59865a1a7dbcba04,,,,,,,,,
match,3930,18,YES,on,0,0,5,on,on,on,,0,0,0,1,0,0,0,1,0,M,none,2ab0c06e-f1ff-7998-c130-82cd9c968dcc,1-5366f533938c0a9526a28b4aa32a11ce,,,,,,,,,
match,5263,28,on,on,0,0,0,on,on,on,,0,0,0,0,0,0,0,0,0,N,none,2b5ff1aa-5b93-a66f-8423-10157df0865b,1-c99c7ab1c5309c3a2af2fb1a9e961d66,,,,,,,,,
match,4042,24,YES,on,0,0,0,on,on,on,Fell over,0,0,0,0,0,0,0,0,0,N,none,2b657e57-b12e-400d-271d-d14d2894d6c0,1-fa9238cb4650d3ba2b2d189bb18d115b,,,,,,,,,
pit,133,,,,,,,,,,,,,,,,,,,,,,2c14cdec-8f88-037b-4857-6057034856a8,1-05f030daedecd22fe0e159f67a2cd8fe,,,,,on,west,DR,cat,"both image tracking and dead reckoning

igh goal goal clumbing"
match,5633,19,on,on,0,0,1,on,on,on,they got stuck on the sally port,0,0,0,0,0,0,1,0,0,N,none,2c3c8c23-3acc-fe57-34cb-a9f6a66f4cef,1-d9152a73d65158c760a81fb91224fb78,,,,,,,,,
match,166,45,YES,on,5,2,0,YES,on,on,,0,0,0,0,2,2,0,0,0,PC,Hi,2ca04932-bd5e-9822-feb5-df37bf4b48d5,1-941699343e95b8d1dbcfc53e0297a472,,,,,,,,,
match,4555,34,on,on,0,0,0,YES,on,on,,2,0,0,1,0,0,0,0,0,N,none,2d11c76f-d4d4-fb1c-784e-b1320693dbd5,1-94e43add70818dffe06cbdbbb9fbe138,,,,,,,,,
match,6224,28,YES,on,0,0,0,on,on,on,didn't work,0,0,0,0,0,0,0,0,0,RW,none,2eb105c1-b8c0-6d40-dc3f-f6374e8fe61f,1-470e86e79826cca0c3febbeaa1056be0,,,,,,,,,
match,5902,22,on,YES,0,0,1,YES,on,on,,0,0,1,0,0,0,2,0,0,LB,Lo,2f2565f8-4d23-c8f6-750d-a9cda708a996,1-92ef0136f58a3aabf450086c3444a192,,,,,,,,,
match,5122,36,YES,on,0,0,3,on,on,on,,0,0,0,0,0,0,2,0,0,RW,none,313eaf8a-a2dd-ad3c-4496-1a81ede870fa,1-88675c7d0735b8d19df10a5ce3c3e5db,,,,,,,,,
match,3585,43,YES,on,0,0,0,on,on,on,stopped moving,0,0,0,0,0,0,0,0,0,N,none,323bb625-b11d-7f64-770b-02aa763bc695,1-c7985cfd7b9f5c01074015634e5e5922,,,,,,,,,
match,4564,25,YES,on,0,0,0,YES,on,on,,0,0,0,0,0,0,0,1,2,N,none,33328436-5619-f230-ff41-39e418e88a7b,1-320af9e2d6d010c0493e22044a580c44,,,,,,,,,
match,133,56,YES,on,6,5,0,YES,on,on,,0,0,8,0,0,0,1,0,0,LB,none,34673633-a187-981d-8e18-c829d5e8fbee,1-724e774229bab8e41d6616c53d48eaf7,,,,,,,,,
match,4042,48,YES,on,0,0,0,on,on,on,"easily tips, never recovered from rock wall attempt ",0,0,0,0,0,0,0,0,0,N,none,364dccfa-0344-5735-954c-d8359836382e,1-5d85cb8cd71638750145946de60baea9,,,,,,,,,
match,6224,28,YES,on,0,0,0,on,on,on,did no move after auto,0,0,0,0,0,0,0,0,0,M,none,366a114f-f607-2900-6c4b-fef3e3d51275,1-1ce75274acbeb0a79a574c571df1393f,,,,,,,,,
match,4958,43,YES,on,0,0,0,YES,on,on,,0,0,0,0,0,0,0,0,0,N,none,371e470e-a27e-7940-8ece-34df630d254f,1-05edc2474b4738711b1c3ed88532e472,,,,,,,,,
match,6161,19,YES,on,0,0,0,on,on,on,chain,0,0,0,0,0,0,0,0,0,M,none,37218e75-a612-d3b6-1c89-285b46781654,1-c91ee7ed8b6d582c4e4e3f14f3784317,,,,,,,,,
match,663,57,YES,on,0,0,1,YES,on,on,,0,0,0,0,1,1,2,0,0,LB,none,381b1958-3da8-12c9-4222-5630e39f31a3,1-0ac7702cf504447082a134a188b9b902,,,,,,,,,
match,4555,32,YES,on,0,0,0,on,on,on,very bouncy,1,0,2,0,0,2,0,0,0,LB,none,385c7fbc-5a58-ae38-184c-9874a7eead52,1-f2f3439c49219a93a3bb6b6ec56849ff,,,,,,,,,
match,3597,59,on,on,0,0,0,YES,on,on,,0,0,0,0,0,0,1,2,0,LB,none,388d00a3-0602-d384-e5b4-7fbb8c8e75cf,1-cd5681923e43864a04354ec33b42f264,,,,,,,,,
match,1922,50,on,on,0,0,0,on,on,on,stuck on wall,0,0,0,0,0,0,0,0,0,M,none,38a2665d-6ac1-6c5f-828d-2b803fe8c980,1-85a76ab2f84abc46adb3cb5bb1b0e2fc,,,,,,,,,
match,5122,52,YES,on,0,0,0,YES,on,on,,0,0,1,0,0,0,4,0,3,RW,none,3a3520ea-822b-c256-858c-df9f31d81855,1-f52a342cfd380be62e9ea25fd41a3891,,,,,,,,,
match,5506,20,on,on,0,0,0,YES,on,on,,0,0,0,0,0,3,2,0,0,N,none,3c480fb8-1c5c-45c3-2f81-04c386d9a7ac,1-cd9cb63d8bef1fed0d1e586d76fc3f41,,,,,,,,,
match,5122,41,YES,on,2,0,1,YES,on,on,,0,0,2,0,1,2,0,0,0,N,none,3c667da5-f5e1-c5fc-23a1-6b199a87948e,1-5c823367069869c6fc7591b61eed1205,,,,,,,,,
match,125,45,YES,YES,7,6,0,YES,on,on,,0,0,0,1,2,0,2,0,0,RW,Hi,3da76056-32d4-313a-1f43-471d6bc5ca66,1-a22f0713a420f9f265ce52fe7b60161f,,,,,,,,,
match,6153,50,YES,on,0,0,5,YES,on,on,,0,0,1,0,1,0,1,0,0,RW,none,3e8dfea0-78cb-49b5-0556-771c569a426a,1-a8b74550d3c2d4e8dfae66a6ffcb1455,,,,,,,,,
match,5506,28,on,on,0,0,1,on,on,on,,0,0,0,1,0,2,0,0,0,N,none,3ecef008-5653-6e13-4d1c-4de73878ac35,1-4f38cbca523eb571dff4ebc91593f5b6,,,,,,,,,
match,6172,31,YES,on,0,0,0,on,on,on,,0,0,0,0,0,0,0,0,0,RW,none,3fade655-8643-fd1f-cedc-07cef5cc330b,1-789464d6359f063d84c07a8c7b7721ad,,,,,,,,,
match,3930,30,YES,on,0,0,6,YES,on,on,,0,0,0,0,0,0,0,0,0,RW,none,40dbaac0-b728-e96d-e184-066dd194e745,1-d2da85879056c01447770ee8f04e8ccc,,,,,,,,,
match,5687,24,YES,on,5,3,0,YES,on,on,,0,0,3,0,0,0,0,0,1,LB,none,414c68d2-5745-ecd0-f6f7-36abd7bffc7e,1-1db39468987e60d29a0ecdbb0d896f9e,,,,,,,,,
match,716,9,on,on,0,0,0,on,on,on,,0,0,1,0,0,0,0,0,0,N,none,4198fbad-b812-6a59-7caf-6e198b4d6f08,1-79e75176b4d6315489f616e17b05e099,,,,,,,,,
match,5506,33,on,on,0,0,1,YES,on,on,,0,0,1,0,0,0,0,0,0,LB,none,42106103-6512-346c-9bd1-7d0c16d4ef15,1-97da602cfe53f958d5e164e4db4e5c61,,,,,,,,,
match,5471,51,YES,on,0,0,0,on,on,on,,0,0,2,0,0,0,0,0,0,N,none,4420e114-f1be-71fb-7c56-1f63a978c2a5,1-48606726cc9cf9b8ef84ddea5b222071,,,,,,,,,
match,4555,47,YES,on,0,0,0,on,on,on,,0,0,3,0,1,0,0,0,1,LB,none,44da447a-827d-ba1c-931d-cb2837839d8b,1-17d26bdc43c4526ebf9397140c03a5f7,,,,,,,,,
match,4473,47,on,on,0,3,0,YES,on,on,,0,0,0,2,0,0,0,0,0,LB,none,45ed40d1-d8d9-5f9b-cdcd-6a5719576214,1-1527ba361660260ea8ae4dba1fb8a912,,,,,,,,,
match,230,26,YES,on,6,5,0,on,on,on,,0,0,0,0,0,1,0,0,0,LB,Hi,466dfb39-0632-2828-330c-b05fa3306917,1-52cc4716f7ce1ae599ca509b76c08601,,,,,,,,,
match,6153,21,on,on,0,0,1,on,on,on,,0,0,0,0,2,0,0,0,0,RT,none,47e2af62-0899-8073-9a37-10a445ef0b5e,1-b792fb54e38c611a66e40a68eb785afb,,,,,,,,,
match,4958,38,YES,on,0,0,0,on,on,on,,1,0,0,0,0,0,0,1,0,LB,none,481237b6-09f5-782e-d3a1-30bc27a85d99,1-4e0e7f1bc8365af03e3ecdb7b31eac32,,,,,,,,,
match,4958,10,YES,on,0,0,0,on,on,on,,0,0,0,0,0,0,0,0,0,LB,none,493950fc-761e-8e90-1874-0f2d539bd405,1-fa435700b5b3c8d8ed7bd1fdc15f9db7,,,,,,,,,
match,6161,35,on,on,0,0,0,on,on,on,,0,0,1,0,0,0,0,0,0,LB,none,498c0c79-48c4-897a-97ff-39ce76e1d124,1-c8ad0acca672fc7cb194b67f02cf5810,,,,,,,,,
match,5265,26,YES,on,-2,0,0,YES,on,on,,0,0,1,0,1,0,0,0,0,N,none,49c11dd3-b6f4-e043-9851-edb3db9a50c3,1-d0e9d731c2d16975a7c20e5f68a51983,,,,,,,,,
match,125,49,YES,YES,0,5,0,YES,on,on,,1,0,4,3,0,0,0,0,0,LB,Hi,4cbe927d-54d3-c9c0-bf08-c287462ba6cc,1-d3f0f4192cfcbf9d354eee1117215e6c,,,,,,,,,
match,3930,32,on,on,0,0,1,YES,on,on,,0,0,0,0,2,0,0,0,0,PC,none,4e9d749d-10b2-1891-61b3-dfb124858cb0,1-196c8e3b725f6f1d7e9f3cc73a504233,,,,,,,,,
match,2523,44,YES,on,1,0,0,YES,YES,on,,0,0,0,0,0,0,2,0,0,N,none,4ef89e31-dbf3-5560-7f8e-5490a64a2ad5,1-18eec50355e62428b282a68590043375,,,,,,,,,
match,4958,55,on,on,0,0,0,on,on,on,,0,0,0,0,0,3,0,0,1,N,none,514c4462-7db5-00f9-7b39-1ad08842d5ba,1-233f33b8ebce1b852939963764f2c06a,,,,,,,,,
match,4546,20,YES,on,4,2,0,YES,on,on,,0,0,0,0,0,2,1,0,0,RP,none,544e5b16-e1db-db83-0f1d-2bdcdbe5ee4a,1-43e4377afef2ef58dfe3483f9056d532,,,,,,,,,
match,4546,35,YES,on,1,3,0,YES,on,on,,0,0,0,0,0,0,3,0,0,RW,none,5d0787d8-0756-9554-d51e-2895cd451104,1-3b8e035397941c97ad6d2039c90a9178,,,,,,,,,
match,4041,50,YES,on,0,0,0,YES,on,on,,0,0,0,2,1,0,0,0,0,M,none,60905021-874f-d4a4-2a90-f1d95867eee2,1-7bc41bdb24d95c0d97a0555dac7102e3,,,,,,,,,
pit,172,,,,,,,,,,,,,,,,,,,,,,631697c9-7b3c-53ee-0094-e918a47d4a3b,1-4cb83ac2b6123d2940fc46a47a3d7bf0,,,,,YES,tank,IR,wheel,"good at defending and can breach
"
match,3451,30,YES,on,2,0,0,YES,on,on,,0,0,0,0,0,2,1,0,2,N,none,65322149-b99e-8243-6c3f-a9b6fc60ae55,1-c0914a1e79798550fc4cb2be875cfddb,,,,,,,,,
match,2523,37,YES,on,0,0,1,on,YES,on,,0,0,0,0,0,0,0,2,0,RW,none,66efa3ac-e169-3921-06b1-93ae7800ce71,1-6f5896509bbedf872361be84fbcff98a,,,,,,,,,
match,4564,20,on,on,5,4,0,YES,YES,YES,,0,0,2,0,1,0,0,0,0,PC,none,67755aa9-de46-823c-6eea-6df7970acef1,1-6b239ee95f87b73abe11d506c55328f0,,,,,,,,,
match,5687,36,on,on,3,1,0,YES,on,on,,1,1,0,0,0,0,0,0,0,M,none,68d28f4b-9619-9563-48b7-e151cbb44728,1-2e60d825150c07b75fdb4cb053136364,,,,,,,,,
match,172,58,YES,on,0,0,1,YES,on,on,,0,0,1,0,0,0,0,0,0,M,none,68d68c84-921c-a32d-c0ec-7cc171d5d979,1-311d4f7ae221cdec4384c9d16daa17c6,,,,,,,,,
match,2523,30,YES,on,1,0,1,on,on,on,,0,0,0,0,0,1,0,0,0,N,none,6b33bd86-e7e0-fe32-b9e5-7911f78e142e,1-4383f7714752f4442b14b1490f889e77,,,,,,,,,
match,716,42,YES,on,0,0,2,YES,on,on,,0,0,1,0,0,1,1,2,0,LB,none,6c6f3120-83ec-40b7-8cd8-1b9bc92e7699,1-cc2644c1eeb62529f242bcc59bc329f4,,,,,,,,,
pit,4555,,,,,,,,,,,,,,,,,,,,,,6e2ac86c-67ee-7e95-1e9d-69e4cc690dd6,1-45ce31c40d37e2f85854d64c403d3796,,,,,on,west,DR,none,can breach all the defences
match,4555,34,on,on,0,0,0,on,on,on,,0,0,1,0,1,2,0,0,0,LB,none,6ed1b377-1403-ab0e-a253-c6509fd116c1,1-39c44ee5b9979c62e0c166049e468530,,,,,,,,,
match,6224,53,YES,on,0,0,1,YES,on,on,,0,0,1,0,0,0,0,0,0,N,none,6fe6ecdb-311d-cae1-000b-7ea203ecfae1,1-a12c1c60908795c707529e20f32e1de9,,,,,,,,,
match,4041,32,YES,on,1,0,0,on,on,on,fell over,0,0,0,0,0,0,0,3,1,RT,none,711fbae0-e040-e5c0-d317-91416163c346,1-225dada4b065a633476a46f3c104d93e,,,,,,,,,
match,4473,5,on,on,1,1,2,YES,on,on,,0,0,0,0,0,0,1,0,1,RW,none,71e3e9e7-81c9-ceb3-4367-d91f9b14531c,1-610815f105884e3535874d5a39076c2e,,,,,,,,,
match,5471,18,on,on,0,0,0,on,on,on,did not move,0,0,0,0,0,0,0,0,0,N,none,73cda00c-5ab0-7355-62d2-4d6d4e412797,1-7ba1b4f3aed691246300497dcb44a7a0,,,,,,,,,
match,2523,53,on,on,0,0,0,YES,on,on,,0,0,0,0,0,0,1,0,1,N,none,749bdc5d-cea5-7f67-e9a8-30d0549e5417,1-9bbca2dbbf89523659b2ea09854f6574,,,,,,,,,
match,4564,24,YES,on,7,7,0,YES,YES,YES,,0,0,0,0,1,0,0,0,0,PC,none,76382a66-9cf4-a58e-fbfd-22109b7d02d7,1-cfe5c90facdc2cf2613f9757fd5685cb,,,,,,,,,
match,6153,42,on,on,0,0,3,YES,on,on,,0,1,1,0,0,1,0,2,0,LB,none,76b878a2-fb59-3d9d-e1fd-8a17701f2c52,1-511c0e7b49154caea11055bf20874e2a,,,,,,,,,
match,5687,42,YES,on,3,3,0,YES,on,on,,1,0,0,0,0,0,0,2,0,RP,none,7a31ece1-304c-ec33-3d33-c47ce61ef089,1-47a45b86c96b348022d03eb0bc0ca203,,,,,,,,,
match,5265,41,YES,on,0,0,0,on,on,on,stoppe working with pieces on the field,0,0,0,0,0,0,0,1,0,N,none,7a5cfcad-4012-3d2d-2cdb-dccf80bee01c,1-d1a9fbc01fec29c3ab6847b07dfd87e7,,,,,,,,,
match,230,58,YES,on,7,4,0,YES,on,on,,0,0,3,0,0,0,0,0,0,LB,none,7acb359d-5ed5-a378-5ed9-c9cd816542e6,1-9db541a65992234caf1307848b3534b4,,,,,,,,,
pit,3930,,,,,,,,,,,,,,,,,,,,,,7f655349-9cd3-65fd-d172-cca1accd9a5d,1-87f5a01c587c18d1f7bc51bc1f63bfd6,,,,,YES,tread,IR,wheel,"fast breach of all defences
"
match,166,24,YES,on,1,1,0,YES,on,on,,0,0,2,0,0,1,3,0,0,N,none,7f8e6cb9-d225-f18c-91b4-fc3fe45928b9,1-4ff9db6c5263e493c5725bf220c87e0a,,,,,,,,,
match,4546,44,YES,on,3,2,0,YES,on,on,,0,0,0,0,0,1,3,1,0,RP,none,7f996162-b076-a2a9-1094-a82f03dc6231,1-9c7a2010d84a29984d071f2c146a05ec,,,,,,,,,
match,3585,55,on,on,0,0,0,on,on,on,barely mov%u0113d,0,0,0,0,0,0,0,0,0,N,none,80b5a467-3440-7d93-54bb-89b390583e81,1-5d18d5e7c94ec8ea8eaa21b1eb72078f,,,,,,,,,
match,4925,44,on,YES,2,1,0,YES,on,on,,0,0,0,0,0,0,0,0,0,N,none,81c4ded4-ab40-7b57-85b1-28f8db234ab8,1-1964db14d19475140fa62952f0747a7d,,,,,,,,,
match,3597,49,YES,on,0,0,0,on,on,on,,0,0,0,2,0,0,0,0,0,N,none,81d2eec9-5649-3734-ee6c-5fb897cb4292,1-c9b4c1b9b076346484240f96ead31aa1,,,,,,,,,
match,6224,8,on,on,0,0,0,on,on,on,,0,0,2,0,1,3,0,0,0,N,none,81fb93fd-22e1-fd00-ba01-d808df6aaaf6,1-5d21ca29d3ff2b71c19688f8ff3140ef,,,,,,,,,
match,4958,7,YES,on,0,0,0,on,on,on,,0,0,3,0,0,0,0,0,0,LB,none,8597429e-1bd3-6f45-ee29-104235ede1bf,1-8e283d7c8a46663cb16e3b8c8969f626,,,,,,,,,
match,663,41,YES,on,0,0,3,YES,on,on,,0,0,3,0,0,0,2,0,0,LB,none,86dc2858-2eae-5636-9a6d-a3f2853c73b2,1-3ad73f3a2ed6639f2580b547f8f3a682,,,,,,,,,
match,6172,51,YES,on,0,0,1,YES,on,on,,0,0,0,0,0,0,1,0,0,RW,none,88049ddc-df57-e11c-6aca-8f22d01af828,1-de53087384002c766e83fd20bef33557,,,,,,,,,
match,1922,19,on,on,1,0,1,YES,on,on,,0,0,0,0,0,0,3,0,0,M,none,8988af02-f9fb-4d6f-5f44-36285060cde4,1-eeda79cd8f6644806e8b7c61976deb38,,,,,,,,,
match,230,37,on,on,5,4,0,YES,on,on,,0,0,0,0,0,2,0,0,0,LB,none,89da4c3d-de97-1f53-c855-921d3735efd3,1-e8d18ef23b17480149ac9d5d18460019,,,,,,,,,
match,716,25,YES,on,0,0,3,YES,on,on,,0,0,0,0,0,2,0,0,0,RW,none,8a8bcce5-5751-7191-6a53-5b513a774578,1-e271b0ad0052e8a3c3e23820920996a7,,,,,,,,,
match,4925,10,on,on,0,0,0,on,on,on,this robot fellovervwhile trying to pass a defnce,0,0,0,0,0,0,0,0,0,N,none,8b9aadce-3454-2086-b547-b3f5d6aed3d0,1-b727a25aaccebce614e10946aafd0c22,,,,,,,,,
match,4041,38,YES,on,0,0,1,on,on,on,,0,0,0,0,2,0,0,1,0,RT,none,8c5cc125-08c5-f6d6-9a9b-2af4c7bba5d3,1-15890d000426f8c61526d0273dcfd11b,,,,,,,,,
pit,4546,,,,,,,,,,,,,,,,,,,,,,8d6b3c0d-bf47-0b07-c138-f3820e31c20c,1-7652bde2543e3dde26dc6c85e6dd97e7,,,,,YES,west,DR,wheel,"fast, almost 5 high golasmper game"
pit,5122,,,,,,,,,,,,,,,,,,,,,,8f8f0886-86ae-9853-6ab7-ce8a0fda8147,1-77c38072183f916b38443ebc55f1244e,,,,,YES,west,DR,canon,they can lift
match,172,1,YES,on,1,1,0,on,on,on,,0,0,0,0,0,0,2,0,2,N,none,90014b35-6d96-f7f2-c5bd-57d19dcb98fe,1-f2c1a5a80a94ade81a75174c7557687b,,,,,,,,,
match,4473,39,YES,on,0,0,5,on,on,on,,0,0,0,0,0,0,0,0,0,LB,none,9021132e-4c58-af1c-050a-f9c395977fe8,1-1f3c1ad22ff66cc30a435f2b23be6129,,,,,,,,,
pit,6153,,,,,,,,,,,,,,,,,,,,,,90a731aa-6c73-f37d-c2be-41698f7f862c,1-ba3b768612474db8f24e2d5279435cab,,,,,YES,west,DR,wheel,very good  defence and good low goals
match,4925,58,on,on,0,1,1,YES,on,on,,0,0,0,0,0,0,0,0,0,N,none,90c331bd-8f69-deaa-6755-4bc5276de280,1-e32499f9f79de98cd27834f8b40938a0,,,,,,,,,
pit,2523,,,,,,,,,,,,,,,,,,,,,,916abe03-ff4b-3fb2-a7ea-8e7b003e35d7,1-4ad6b27d25a5d5b8e06d059b2378a2d0,,,,,YES,west,IR,wheel,"cant  do portcolis or low bar
"
match,4564,60,YES,on,4,3,0,YES,YES,on,,2,0,2,0,0,0,0,0,0,CDF,none,92b07709-5022-8270-3e92-a111f9724d18,1-e8352054c4fb56c72f807c948740834a,,,,,,,,,
match,319,22,on,on,3,1,3,YES,on,on,,0,0,1,0,2,0,0,0,0,N,none,9308abe2-d1bb-6e45-79ac-549620eba6f1,1-bf79f8f678e048110f1dfc3aa3452dd7,,,,,,,,,
match,4564,30,YES,on,4,4,0,YES,YES,YES,,1,0,0,0,0,2,0,0,0,CDF,none,93861ae2-7746-813f-9555-acc20074c5fc,1-baef68a1e6c53bf31debfd349cbe8a7f,,,,,,,,,
match,133,58,YES,on,6,3,0,YES,YES,on,,0,0,0,0,0,0,0,0,0,LB,none,93f41332-0c3a-e9a2-312f-435252391a46,1-7efe35153f383d158db2a74eb0ab8e78,,,,,,,,,
match,4473,55,on,on,1,0,1,YES,on,on,,0,0,0,0,0,1,1,0,0,RW,none,943ae9e8-ca72-604f-4cd0-7cba500b8521,1-1b70794496056612be1c970877974900,,,,,,,,,
match,4906,33,on,on,3,1,0,YES,on,on,,0,0,1,0,1,0,0,0,0,N,none,9637c1e2-6aa6-0ab3-92ce-c3ecbea8b5e2,1-fb1d7051df330480531fdf4bbe05002e,,,,,,,,,
match,133,9,on,on,5,5,0,YES,on,on,,0,0,2,3,0,0,0,0,0,LB,none,9955adfe-d2af-a13d-193a-1dccdbd6fedd,1-694ac173f581111e3919cefd33373486,,,,,,,,,
match,5633,40,YES,on,0,0,1,on,on,on,,0,0,0,0,0,1,0,1,0,RT,none,996cafca-0cbb-bee2-959f-803f70e3471a,1-699a0813940ce37e56ca85a14f5aebf4,,,,,,,,,
pit,4473,,,,,,,,,,,,,,,,,,,,,,99f6c047-9874-7454-0fa4-cae297d311a8,1-b68b8899b12ecc88b4e42450ef277829,,,,,YES,tank,DR,cat,"manly breaching
"
match,5687,54,YES,on,2,1,0,YES,on,on,,1,0,2,2,0,0,1,0,0,N,none,9b7b3871-ab3d-f59f-9c6a-25f0f67123b4,1-cc74d388c1f5adce94173089f401e701,,,,,,,,,
match,716,48,on,on,0,0,0,on,on,on,,0,0,0,0,1,2,1,0,0,PC,none,9c45f5f2-5419-80ee-e646-98afb16de566,1-ce0e538334d42084646e91ffa72d162e,,,,,,,,,
match,5752,27,YES,on,0,0,5,YES,on,on,,0,0,4,0,0,0,0,0,0,LB,none,9ced7cec-4962-dc11-e0b0-968f2075367b,1-9ec4a2e20268445f4f0b1b9ffb38778f,,,,,,,,,
match,4042,31,YES,on,0,0,0,on,on,on,,0,0,0,0,0,1,0,0,0,N,none,9d05f18b-6d23-be23-ac17-7344905c09ef,1-bfd0e452c2ab7785a65634738a42d0be,,,,,,,,,
match,5902,38,on,on,0,0,0,on,on,on,,0,0,1,1,0,0,1,0,1,N,none,9d4d46d4-0ee8-b4f0-2b30-49d46f5af7ea,1-b8404281ad50e3681eebdeef91453b0c,,,,,,,,,
match,5687,20,YES,on,1,0,1,YES,on,on,,0,0,0,0,2,1,0,0,1,LB,none,9f38241d-0d01-f63e-6bc2-c09e7a929a56,1-02d3ce77e3c0cc448ff118bac9c0bd55,,,,,,,,,
match,6172,37,on,on,0,0,0,YES,on,on,,0,0,0,1,0,0,0,0,0,M,none,a037f0ce-1437-2394-3d04-bcd452e81f65,1-51d40c52aba54ec5b14e834f6599dd63,,,,,,,,,
match,230,60,YES,on,4,3,1,on,on,on,,0,0,0,0,0,0,0,0,0,LB,none,a0b31695-1875-dd59-c8c8-1109d657b065,1-bd05a31f20cd589b66c7d674a6906e1d,,,,,,,,,
match,5122,27,YES,on,1,1,0,YES,on,on,,2,0,0,1,0,0,1,0,0,N,none,a113e328-df94-74f4-12b9-c58266f8e094,1-e3545822b30b58397ac6d80a4c03c2e1,,,,,,,,,
match,6172,24,YES,on,1,2,0,YES,on,on,,0,0,1,0,0,2,0,0,0,N,none,a1f89a0e-08f7-f985-4209-e469d74c990d,1-12111ae14fc2ed13113c5e1d29531bff,,,,,,,,,
match,3585,52,YES,on,0,0,0,on,on,on,,0,0,0,0,0,0,0,0,0,N,none,a21b6ea5-951d-6dfe-20c7-fa8ef825781d,1-6b161a7799ead9123eca72b48043509e,,,,,,,,,
match,5265,32,YES,on,0,0,0,on,on,on,,1,0,1,0,0,0,0,0,0,N,none,a4566331-c0ca-dc6d-30f1-c0bb9cf697e4,1-1cf8f84def53ded8fe63406a1fbfdab5,,,,,,,,,
match,58,35,on,on,3,3,0,YES,on,on,,0,0,0,0,0,0,0,0,0,N,none,a48b2f53-48ea-dd91-7cc1-7de2ffd7d56d,1-3d145ce5cdaa209fa1b2c9af6750a986,,,,,,,,,
match,166,40,YES,on,7,4,0,YES,on,on,,0,0,0,0,1,0,0,0,0,PC,Hi,a548d844-681f-c01a-4f41-c79a1a14d3ab,1-2a069fad53819f6bbbf1514e87decabf,,,,,,,,,
match,3597,59,YES,on,0,0,0,YES,on,on,,0,0,0,0,0,2,0,0,0,N,none,a75f1462-0a40-298d-0627-3b1d1e0702f6,1-c508e33ddb3b20edd857626a0fe22527,,,,,,,,,
match,319,18,on,on,4,2,0,on,on,on,,2,0,0,0,0,0,0,2,0,CDF,none,a93e9207-f12d-bd5f-1fbd-9cd31acd9e24,1-56202913753a98553516ecbac30cb047,,,,,,,,,
match,166,52,YES,on,0,0,0,YES,on,on,,0,0,0,2,2,0,0,0,0,M,none,a954bb05-4ae2-d2cf-986e-d8f5d8c19591,1-c8e270bda614adf134cd3078df9ba3ba,,,,,,,,,
match,5633,47,YES,on,0,0,3,on,on,on,,0,0,0,0,0,0,3,0,0,N,none,a9c5b79f-766d-4d5a-871a-7e57f7f98919,1-45815365369e202efa1ab5845043e927,,,,,,,,,
match,3525,6,on,on,0,0,0,on,on,on,,1,0,0,0,0,0,1,0,0,RW,none,a9f994bc-7c54-5b67-4cdf-b560d06a6d0d,1-5f44aa26245ea47f4c905347fd2e075b,,,,,,,,,
match,6224,25,YES,on,0,0,1,YES,on,on,,0,0,1,0,0,0,3,0,0,LB,none,aab438ab-2c6f-b92e-328c-e50f927c3245,1-519ba7e65c2cfc3801c719424427ad3b,,,,,,,,,
match,6161,35,on,on,0,0,0,on,on,on,,0,0,0,0,0,0,0,0,0,N,none,aad7d20e-58bc-abd4-aa7e-099184813c2d,1-e6eae915d165b6a38a8c16b3d23edb33,,,,,,,,,
match,716,55,YES,on,0,0,0,YES,on,on,,0,0,3,0,0,0,0,1,0,LB,none,ab0f16cd-fd21-b073-e040-a006db78c65f,1-e8da4f1f0bef5330081b263e947911c7,,,,,,,,,
match,125,40,YES,on,0,1,2,YES,on,on,,0,0,1,2,0,0,3,0,0,RW,Hi,abf55bf2-d237-6845-6905-fc7342a47690,1-1e70ab999f208f42fb6dc365baa4fe46,,,,,,,,,
match,4906,21,YES,on,0,2,1,YES,on,on,,0,0,3,0,0,0,0,0,1,RP,none,ac54f817-78e3-388b-0cde-d5b6470e4461,1-510a9d9c2476fceeff873ecf68fc8842,,,,,,,,,
match,4546,50,YES,on,4,3,0,on,YES,YES,,0,0,2,0,0,0,1,0,0,CDF,none,adf22c31-ff26-6adf-8600-16805c93f042,1-b5e060edb80ef6ce63abcf8fb89a3983,,,,,,,,,
match,58,33,on,on,0,0,0,on,on,on,,0,0,0,0,0,0,0,0,0,N,none,ae09b905-53f6-4ce6-06a4-63a4a6dcc85b,1-369d9e5d69fbfb303ae1668d862d400d,,,,,,,,,
match,133,38,YES,YES,6,4,0,YES,YES,on,,0,0,1,6,0,0,0,0,0,LB,Hi,ae2ff52d-b741-15c6-b715-e96ccf943dcb,1-cc1e0e37b8ac0a1c5cae0e6a452867e9,,,,,,,,,
match,1519,27,on,YES,5,3,0,YES,on,on,,2,0,2,0,0,0,1,0,0,RP,Hi,ae564fc1-ac23-96fc-c3ba-312d4917fbeb,1-46bbce109f876a7e8624d613612fa3f7,,,,,,,,,
match,5687,36,YES,on,3,2,1,YES,on,on,,0,0,0,0,0,0,0,0,0,RP,none,aeab639a-b89d-2f65-5015-44aedc76cb0f,1-84da07cf53d30a8716e5927b43c85530,,,,,,,,,
match,6224,45,on,on,0,0,0,YES,on,on,,0,0,1,0,0,0,2,0,0,LB,none,b16ef0e9-d320-4dab-a547-786c2aaf65f5,1-8619e7a094624c8e8498cfafd25772e1,,,,,,,,,
match,6161,25,YES,on,0,0,0,on,on,on,stopped working until 50 seconds in,0,0,0,0,0,0,0,0,0,RW,none,b16f6cdc-4aae-6ccc-c2f4-6883dee2a3f4,1-bfe18587778a7bc52c3e898fe34e2979,,,,,,,,,
match,4958,54,YES,on,0,0,0,on,on,on,,0,0,0,0,0,2,0,0,0,N,none,b245152b-12cf-8a95-2a42-e4278058120e,1-4e169b6b63142f9a9c9b072d299147f2,,,,,,,,,
match,5471,10,on,on,0,0,0,on,on,on,not on the field,0,0,0,0,0,0,0,0,0,N,none,b255adfb-94b6-fc1d-135d-315b50e1ffae,1-96b2c76750014661bc39f3ef1580485d,,,,,,,,,
match,5122,41,YES,on,2,0,1,on,on,on,,0,0,1,0,1,0,0,0,0,N,none,b35a7511-0c0d-a099-d6a4-1aef8ea24eaf,1-0a51db5b1af8cd899b6a1882d10a9e82,,,,,,,,,
match,230,51,on,YES,3,3,0,YES,on,on,,0,0,1,1,0,0,1,0,0,LB,Hi,b4fae860-f3eb-1163-5a50-72b49dcfdf42,1-26b6f686c4c100d142a146c0c26bd62a,,,,,,,,,
match,5265,10,YES,on,0,0,0,on,on,on,,0,0,0,0,0,0,0,0,0,N,none,b55207c3-1e2b-3a96-e10f-d0a263e173d0,1-22d1251da8a6290ba25c99e2278cef9e,,,,,,,,,
match,5633,58,YES,on,0,0,0,YES,YES,on,,0,0,0,0,0,0,2,0,0,RW,none,b5aba820-1a04-f6e9-2811-b5c500ca7d4b,1-d8c8ddfdb5ab55a09ec0c092f0e47e0f,,,,,,,,,
match,1519,53,YES,YES,4,4,0,on,on,on,,1,0,1,4,0,0,0,0,0,CDF,Hi,b5b09c28-4990-afa3-8a4b-3027f269ef94,1-532c56d84a3baf05d0ef361305d20677,,,,,,,,,
match,58,56,on,on,0,0,0,on,on,on,,0,0,0,0,0,0,0,0,0,N,none,b62966bc-efe4-dbf9-16aa-90f4b0541ea8,1-4517cf56f3ee070e0d540bd4d74b7910,,,,,,,,,
match,133,38,YES,YES,6,4,0,YES,YES,on,,0,0,1,6,0,0,0,0,0,LB,Hi,b64df438-37ce-c5af-74f5-4cdb76abe0a3,1-90c7cf2ffa1a3956a05bcfbbf1ff0217,,,,,,,,,
match,5471,28,on,on,0,0,0,on,on,on,,0,0,0,0,0,0,0,2,0,N,none,b67529e8-ef31-8aa8-f685-33c7de001d89,1-33271fedb0ec955cae80b3d86445549a,,,,,,,,,
pit,6172,,,,,,,,,,,,,,,,,,,,,,b6a7b3a8-a2d4-6953-b471-eb8721429988,1-05db03343b3cd1029bbb1ef2c8f7ab60,,,,,on,traction,DR,none,good defence bot can breach
match,3930,41,YES,on,0,0,4,on,on,on,,1,0,0,2,0,0,0,0,0,N,none,b71f2874-9bbe-6ef5-5b02-0723860aa049,1-e91508a31fbef8d63623ac36ea3a1e26,,,,,,,,,
match,3451,35,YES,on,2,0,0,YES,on,on,,2,0,0,0,0,0,0,0,0,RW,none,b8217f7c-2ac9-2865-6648-8a90eabec856,1-d11cfc08745df551a36837011ebb5a95,,,,,,,,,
match,663,59,YES,on,1,0,1,on,on,on,,0,0,0,0,0,0,2,0,1,RW,none,b8650ef6-8a45-c158-dc0a-fb3f0d0e0bfe,1-4723b95b119380b73ac9b92d9a9a19a2,,,,,,,,,
match,125,26,YES,YES,7,3,0,on,on,on,,0,0,0,0,0,0,0,0,0,RP,Hi,b8a17533-4a75-5c01-a949-a4d66ebd07dc,1-0b17c408ad86f781f022f83d73251a90,,,,,,,,,
match,4473,51,YES,on,2,0,3,YES,on,on,,2,0,0,0,0,0,0,0,0,RW,none,b8a7b643-0b35-2010-8755-c928484c9574,1-4d8d8d2c83430e10f1c1cc32cde45732,,,,,,,,,
match,4906,53,on,on,3,3,0,on,on,on,,0,0,0,0,0,0,2,0,1,RW,none,babd83bb-330d-f892-c739-2f824c573229,1-e9d6fd34ec24b1bab174e0ecf030a673,,,,,,,,,
pit,125,,,,,,,,,,,,,,,,,,,,,,bb302f00-b71b-8556-de1d-08bb0dd98945,1-0684b54002a1521d3dc0318c142d8cf4,,,,,YES,tank,IR,cat,
match,4555,22,YES,on,0,0,0,on,on,on,,0,0,1,0,2,0,1,0,0,LB,none,bbb8f221-cd11-4492-7b4a-9d7dcddb0e1b,1-b7165ac37efd3bd83934d94947320053,,,,,,,,,
match,5633,27,YES,on,0,0,0,on,on,on,,0,0,0,0,0,0,0,0,0,LB,none,c022fa1f-3907-29ac-ecb5-59c97813656f,1-0c75163d83a41a642175bb66f9726989,,,,,,,,,
match,58,39,on,on,0,0,0,on,on,on,,0,0,0,0,0,0,0,0,0,N,none,c0372d16-e0ec-4f0c-f201-9bcf71b1069e,1-97ea4fcdddb879dad8190781d01082dd,,,,,,,,,
match,3930,50,YES,on,0,2,1,on,on,on,,0,0,0,4,0,0,0,0,0,M,none,c337996e-455d-e62c-b92f-f9e919751566,1-6f3848e11d1dbc1bc9fe077f37fe25f0,,,,,,,,,
match,4958,28,on,on,0,0,0,YES,on,on,,0,0,1,0,0,0,0,0,1,LB,none,c39295cf-6618-d6f1-8900-e5d583564559,1-4262627bef72f9d6db209bec452c9914,,,,,,,,,
match,4041,19,YES,on,0,0,1,YES,on,on,,0,0,0,2,1,0,0,0,0,M,none,c39966e0-5cdb-13f4-d055-e898302f224c,1-4dc80a95ffb114b1c564a819b619a0bc,,,,,,,,,
match,4555,21,YES,on,0,0,0,YES,on,on,,0,0,1,0,2,0,1,0,0,LB,none,c47307a1-c485-cd91-5461-59c5bf109365,1-7e3c560038e7a20c11797de67a36ba76,,,,,,,,,
match,3585,54,on,on,0,0,0,on,on,on,didn't move,0,0,0,0,0,0,0,0,0,N,none,c4cc0b96-efe6-72f1-3d29-60c29ec4afa9,1-f6548ffb5b4dda640def9b10f1c4e576,,,,,,,,,
match,3597,27,YES,on,2,0,0,YES,on,on,,0,0,0,0,0,1,1,0,0,RW,none,c53ca1eb-451e-2b1d-3ea4-f7546f8c8366,1-ee5177b813a1cb0f8000aac2356dab26,,,,,,,,,
match,2648,46,on,on,0,0,0,on,on,on,did not move at all,0,0,0,0,0,0,0,0,0,N,none,c6399a31-bc8a-ae45-8a4a-22297536feb0,1-6d7220fed590ecf97cae35abffa0c09e,,,,,,,,,
match,1519,36,YES,YES,0,3,0,YES,on,on,didn get to observe entire match because program froze. this team did better than whpwn here,0,0,0,0,0,0,1,0,2,RP,Hi,c726bce7-c51a-949e-efdf-ee992d3a51a1,1-98e195049a3ed0ed60dd89193528fbb9,,,,,,,,,
match,5902,51,on,on,0,0,1,YES,on,on,,0,0,0,0,0,0,1,0,2,N,none,c8710ef7-d1c3-8ab9-97da-6bb2402bb1bb,1-6ab3f1bec05b5c534c6f8a009dc8a992,,,,,,,,,
match,663,19,on,on,0,0,1,YES,on,on,,0,0,1,2,1,0,0,0,0,LB,none,c9cfec88-9522-c1ae-8767-61865f38181b,1-1ac2b6961ee461573a2a7d8dc515fa9e,,,,,,,,,
match,5471,40,YES,on,0,0,0,YES,on,on,,0,0,0,0,0,0,0,0,0,LB,none,ca63af15-70b4-924c-d20e-c3da630cd5d7,1-661d15342063a3f623bf2f2aee16d502,,,,,,,,,
match,4555,59,on,on,0,0,0,YES,on,on,,0,0,1,0,0,0,0,1,0,LB,none,ca6485e9-4c66-e65a-0927-26374d845f27,1-dde4b6644405a544416fb48352acfef1,,,,,,,,,
match,1922,46,YES,on,4,2,0,YES,on,on,,0,0,0,0,0,0,2,0,0,N,none,cd580b4f-799e-5900-ff75-c390f0875101,1-8d737a6b0e6d984470ef026bdf1a2e4f,,,,,,,,,
match,4041,57,YES,on,0,0,1,YES,on,on,,1,0,0,0,0,0,0,2,0,RT,none,cd8f00b0-033d-f5d8-3230-625766bcd497,1-8ce45bd1c8049af497884b71f79641b7,,,,,,,,,
match,4041,38,on,YES,1,1,1,YES,on,on,,0,0,0,0,1,0,1,0,0,RW,Hi,cd904a50-0fe1-89ea-0896-2e05e3b263b0,1-3652f81ac8977ea79db6f78819e8076d,,,,,,,,,
match,5687,41,YES,on,1,1,0,on,on,on,,1,0,0,0,0,0,0,2,0,RW,none,ce899cd0-0ea3-2e5e-a3bd-227c27cacf68,1-65eb8dee8ee197fdf7e09ffac7799328,,,,,,,,,
pit,4041,,,,,,,,,,,,,,,,,,,,,,cf6405f8-7f35-1a05-f25c-3b7e8c68cc40,1-61bc18f12b71d86fba0a3b41acbe3514,,,,,YES,tread,IR,wheel,great defence
match,3597,42,YES,on,0,0,0,on,on,on,drivr ststem issues?,0,0,0,0,0,1,0,0,0,RP,none,cf669e98-38a1-0380-d50b-6c7c3baa515a,1-dd67d6852ab4fe765a80acee2ff912fb,,,,,,,,,
match,5471,53,on,on,0,0,0,on,on,on,stuck on wall,0,0,0,0,0,0,0,0,0,LB,none,cf6c1ec6-fc9b-8662-6584-319bfa4a2d66,1-af2dc3be1bdb8049fd8774e18055e76f,,,,,,,,,
match,4906,31,on,on,0,0,0,YES,on,on,,0,0,1,0,0,0,0,0,0,RP,none,d09d5b79-3494-b4c7-8ec7-c939aaf88919,1-860a6dba81341758b29bd8744d5e4f7a,,,,,,,,,
match,5902,46,YES,on,0,0,4,on,on,on,,0,0,1,0,0,0,0,0,1,LB,none,d0c47034-b868-210b-b6fc-d5d7aa8d58f1,1-9f06459c1e0c9655288b4e644d92d073,,,,,,,,,
pit,5902,,,,,,,,,,,,,,,,,,,,,,d159f6da-b5a8-994c-cc9d-7ad4e0306806,1-3e4034480fef03ac87f1c039f0999400,,,,,YES,west,DR,canon,
match,230,37,YES,on,5,4,0,YES,on,on,,0,0,0,0,0,0,0,1,0,LB,Hi,d1832c45-1a09-0ed9-6737-2b14acef584a,1-4fa964ca7807aec1090b5eeebd4d26fb,,,,,,,,,
match,3451,41,on,on,2,0,0,YES,on,on,,0,1,0,0,0,2,0,0,5,N,none,d3a1db3b-3860-1e5e-f8b4-181c2ad39cec,1-0fdd7243c0d8d6967f2a47d71f44ac16,,,,,,,,,
match,4906,29,YES,on,1,1,0,YES,on,on,something fell off ar 60 seconds  e,0,0,0,0,0,0,0,0,0,RP,none,d407218a-7081-51eb-b2d3-edf9afeaf824,1-82c1e3f4b6e9959793015706b74bc011,,,,,,,,,
pit,230,,,,,,,,,,,,,,,,,,,,,,d585ca4b-175c-8061-eaed-bd91861db101,1-c7cd48ed4fadf50dbacd0fec0e9625ba,,,,,YES,west,IR,cat,all defences besides category C
match,6161,49,YES,on,0,0,0,on,on,on,,0,0,0,0,0,0,0,1,0,RT,none,d6274932-d987-b473-e447-62b28e6b3758,1-d8cf99f1a30c71be2300ffdd69f730e8,,,,,,,,,
match,4546,57,YES,on,3,2,0,on,on,on,,0,0,0,0,0,2,0,0,2,RP,none,d6f04f20-9719-e171-ede2-c0d5a92a3721,1-31dc0c64ae0747c055a760ad78be7bfc,,,,,,,,,
match,319,52,on,YES,3,2,2,YES,on,on,,0,0,1,0,0,0,0,0,0,LB,Hi,dcec9f0d-407b-1b29-5e7d-87264707d765,1-0f39e51a6d184f1b8b38768cb64d2728,,,,,,,,,
match,172,25,YES,on,0,0,0,YES,on,on,,0,0,1,0,0,0,1,0,1,RW,none,dd096ace-27b5-8b81-d723-e7be36af2364,1-3d2a5cd06bf5737e486778d45df4722f,,,,,,,,,
match,5506,26,on,on,0,0,1,on,on,on,,0,0,0,0,0,2,1,0,0,N,none,dd9afced-bfb6-3ccf-437e-68ad6f1fa95a,1-c757c89af9f07e17b818f356186c5ba2,,,,,,,,,
match,166,18,YES,YES,3,0,0,on,on,on,,2,0,1,0,0,0,1,3,0,RT,Hi,dfc929ee-adaa-0340-0a03-10c96c45892d,1-2fa8a589db79fc59122252ad85974568,,,,,,,,,
match,58,44,on,on,1,0,0,on,on,on,,0,0,0,0,0,0,0,0,1,N,none,dfee7faa-9a5b-2112-cfa7-1f0e16a4fe1a,1-1bae693c344a0e171bd8d3de1048fa09,,,,,,,,,
match,2648,30,on,on,1,0,1,YES,on,on,,0,0,1,0,0,1,0,0,0,LB,none,e191a8f7-37dc-40a5-afba-3b2ccf634f54,1-9dd6919cbeebaeceb1b23c0ef88f00b9,,,,,,,,,
match,4473,29,YES,on,0,0,0,on,on,on,,0,0,0,0,0,0,1,0,0,N,none,e21ec230-9a99-1da0-9941-fb56a36a799a,1-91901e124a52c9ebf38a76937638e753,,,,,,,,,
match,3609,49,YES,on,0,0,0,on,on,on,,0,0,3,0,0,0,0,0,0,LB,none,e2a57260-5afe-5377-aa6c-392572200a8a,1-97d2c5d7464ffa6b10e3afba2be6439d,,,,,,,,,
match,5506,31,YES,on,0,0,1,YES,on,on,cntol issues?,0,0,0,0,0,0,0,0,0,RW,none,e3a97f8f-9cea-9218-43ba-0b5b01f68a30,1-4d16055c53f6b52f8c9ad9feb22b5bce,,,,,,,,,
match,1519,43,YES,on,5,3,0,YES,on,on,,0,0,0,0,3,0,3,0,2,PC,Hi,e45f88e3-78f8-296f-4b33-93cb87a0d325,1-ae12c0a80c57baa33d91a8854c2079c6,,,,,,,,,
match,1519,57,YES,YES,6,2,0,on,on,on,,0,0,0,0,0,0,0,0,0,M,Hi,e474f3c9-d355-dffa-7149-a2df6b06309f,1-0136f17b6d06e2d8861e3c48911c6b41,,,,,,,,,
match,5687,47,YES,on,3,3,0,on,on,on,stopped moving at end of match,0,0,0,1,0,1,0,0,0,RP,none,e5dba291-d386-3116-a40a-7cff73e56cc9,1-aaaffccafa15aadb1fc3448b2b39830c,,,,,,,,,
match,3525,18,YES,on,0,0,0,on,on,on,,0,0,0,0,0,0,0,0,0,N,none,e6c0769f-7764-a59a-add2-80fdca88c851,1-1dad1938326f6dc029d95b678824af11,,,,,,,,,
match,58,43,YES,on,0,0,0,YES,on,on,,1,0,2,0,0,2,0,0,0,N,none,e76637ce-ee2d-864c-808e-35f6f7120494,1-1b1c3058662750077f7ffc27dfd81f48,,,,,,,,,
match,5471,22,on,on,0,0,0,on,on,on,,0,0,5,0,0,0,0,0,0,N,none,e785ecad-c84e-9603-03f9-a4c102f8244d,1-440568638e98c960fc46164de42349fe,,,,,,,,,
match,4925,27,on,on,2,2,0,YES,on,on,n,0,0,0,0,0,0,0,0,0,N,none,e7acfc03-4cf1-5262-6a28-909973125d71,1-8c2b33d8ea0c763e85cfae02c899ea0d,,,,,,,,,
match,716,48,on,on,0,0,0,on,on,on,,0,0,0,0,1,2,1,0,0,PC,none,e81ba492-77ae-0e63-5a5d-04003944bede,1-30e1e056f9b67e4a594e63bf97413241,,,,,,,,,
match,4042,54,YES,on,0,0,0,YES,on,on,,0,0,0,0,0,0,0,0,1,M,none,e9a31f2a-b30a-bf1a-3fd5-1c9bf574492e,1-2c5ad34cb4fb1ad7a051f2c4ed9020af,,,,,,,,,
pit,1519,,,,,,,,,,,,,,,,,,,,,,eaba9232-b20b-e7bb-9c87-82f54b1f5c8b,1-7a2692721952081c54020d11f13d7147,,,,,YES,tank,IR,canon,"they can auto cross all defences beside portculis and sallymport
they have a shooter that punches the ball

they have 8 wheel drive"
match,4473,26,YES,on,0,0,2,YES,on,on,,2,0,1,0,0,0,1,0,0,N,none,ed0d3e4b-9099-79bf-509c-47ebe4639959,1-df8b865251a9da718758b17af199656d,,,,,,,,,
match,4041,22,on,on,1,1,0,YES,on,on,,0,0,0,0,2,2,0,0,0,N,none,ed3c2e34-4150-b293-c3e3-eb07aa9dea6b,1-aab2f36c5db8d7282d89c130e3f128ac,,,,,,,,,
match,133,21,YES,YES,7,7,0,YES,YES,YES,,0,0,2,2,0,0,0,1,0,LB,Hi,eefb20de-3aba-80f6-f2ae-e70c80502787,1-fccd43c9486a922890f64472d74899a7,,,,,,,,,
match,4042,44,on,on,0,0,0,YES,YES,on,,0,0,0,0,0,0,0,0,0,RT,none,ef65f621-574e-4fbc-4afd-7c1ddb3d2450,1-af617345ea8d631a2df219f05127218f,,,,,,,,,
match,4958,49,YES,on,0,0,0,YES,on,on,,2,0,0,0,0,0,0,0,2,N,none,ef8da53c-cf2f-13cd-d3eb-c5b22f829427,1-079f67726c831278562169fc29b67bd9,,,,,,,,,
match,4958,7,on,on,0,0,0,on,on,on,,0,0,1,0,0,0,0,0,0,LB,none,f0423b04-f29a-5336-3bed-1f234f8bd2b4,1-a51b57233cbeb57640c111fdd46f309f,,,,,,,,,
match,166,29,YES,YES,1,4,0,YES,on,on,,0,0,3,0,0,0,0,0,0,LB,Hi,f0d61033-82bd-ee5b-8cc6-a973ac1d3bfe,1-c2aadba29668096ef37bc7e6c27cedfc,,,,,,,,,
match,5122,31,YES,on,0,0,2,YES,on,on,,2,0,1,0,0,1,0,0,0,LB,none,f16acd72-72fe-5035-d9f2-772599343009,1-464dd312c88fba5ca488e22388bbdc3e,,,,,,,,,
pit,4042,,,,,,,,,,,,,,,,,,,,,,f178ab63-0cf4-4bfa-84fc-212f5d91836f,1-b29cd403b988ef6f481b2543413f8b95,,,,,on,west,DR,none,"they like lifting, they have a 6 wheel drive train that can also be 8 wheels"
match,4906,46,on,on,3,2,1,YES,on,on,,0,0,1,0,1,0,0,0,0,PC,none,f2940866-2b28-2dac-4348-7693ec27c691,1-130769b09e0d4c2cdf34fde9240c5af9,,,,,,,,,
match,5506,36,YES,on,0,0,1,YES,on,on,,0,0,0,0,0,1,1,0,0,RW,none,f49bfbee-8c57-b901-a067-a17bf281c6cf,1-f42bce17f93fc66254552fe8802473cb,,,,,,,,,
match,2648,54,YES,on,4,2,0,YES,on,on,,0,0,0,1,0,0,1,0,0,RW,none,f5c84be3-0af3-89c1-d413-73541c476013,1-0d87397ea9cd12bb793283c331d5e19a,,,,,,,,,
match,6161,31,YES,on,0,0,0,on,on,on,,0,0,0,0,0,0,0,2,2,RT,none,f683fa46-7a3d-9b52-741b-dde8cd33dbd2,1-b448df1ddefd44953c3174c5c67c397d,,,,,,,,,
match,58,23,YES,on,0,0,1,on,on,on,,0,0,1,0,2,0,0,0,1,LB,none,f6d9ad70-fa49-f415-f490-7768457c2ad9,1-535cbbc576824ce6da8914e2de70a668,,,,,,,,,
match,4925,29,on,on,0,2,0,YES,on,on,,0,0,0,0,0,0,0,0,0,N,none,f760a6ff-d39c-36f4-ef0f-bbf973f5c1c6,1-0fdc4083afb16bdf292bfda19c2af98d,,,,,,,,,
match,4546,25,on,on,0,0,0,YES,on,on,,0,0,0,0,0,3,0,1,2,N,none,f7abd6f1-8a54-fadf-c24c-ca6cbc115107,1-b0ad40ef824b2ba5861325104d9d1970,,,,,,,,,
match,4473,20,YES,on,0,0,1,YES,on,on,,0,0,0,0,0,1,2,0,0,N,none,fa446ff3-e4ae-fac2-99a6-3851a58a9b66,1-923c8ca0c286e5808d4059d85f36ec71,,,,,,,,,
pit,3525,,,,,,,,,,,,,,,,,,,,,,fc6d57fe-0e2d-74bd-e721-24b048cde02e,1-b113d9c5df052f4544b4816ecaf6f3d0,,,,,on,west,DR,none,"all defences except category category C, but they can do coop on C"
match,5752,40,on,on,0,0,4,YES,on,on,,0,0,4,0,0,0,0,0,0,M,none,fcc85460-8b3b-12d0-c858-60a3ae324054,1-75416847ecef8f9523117f59af39c523,,,,,,,,,
match,4925,44,on,on,3,1,0,on,on,on,,0,0,0,0,0,0,0,0,0,N,none,fe7553de-65c5-66eb-3c90-e23032e5dd00,1-f681981b76f8c4c6f783c9c322d82dac,,,,,,,,,
,,,,,,,,,,,,,,,,,,,,,,,pineTree1,1-d923d1e1934ed39bbec6246c65d1e022,,,"58,58,58","58,58,58",,,,,
,,,,,,,,,,,,,,,,,,,,,,,pineTree10,1-cc149a898b5a2e0306ec0d9f1f3ad3c7,,,"5265,4958,3597","6224,4925,5471",,,,,
,,,,,,,,,,,,,,,,,,,,,,,pineTree11,1-d33937c2b69a76f9b13c65be0d8cadee,,,"4564,6153,1519",5752663172,,,,,
,,,,,,,,,,,,,,,,,,,,,,,pineTree12,1-65f301ec1b6e7b40613f5afc154e730e,,,"3930,4042,6161","5902,166,2523",,,,,
,,,,,,,,,,,,,,,,,,,,,,,pineTree13,1-54b1177674604e275f0297ec0cbaa8db,,,"230,5633,4546","6172,2648,319",,,,,
,,,,,,,,,,,,,,,,,,,,,,,pineTree14,1-4c06bada847ed7be04eee62795b01bde,,,"3525,3597,3451","4473,6153,4555",,,,,
,,,,,,,,,,,,,,,,,,,,,,,pineTree15,1-320b5f707894cc8f160d4e1cb8b9c857,,,"5122,5265,172","4042,133,2523",,,,,
,,,,,,,,,,,,,,,,,,,,,,,pineTree16,1-6419c18188a58b3a5fa6cdb50b4eaa9f,,,"58,58,58","58,58,58",,,,,
,,,,,,,,,,,,,,,,,,,,,,,pineTree17,1-e7c1887d34db8855ee57d25e07e82050,,,"6224,1519,6172","716,3585,125",,,,,
,,,,,,,,,,,,,,,,,,,,,,,pineTree18,1-900076ee4b4013edac010313d296d58e,,,"166,3930,230","3525,5471,319",,,,,
,,,,,,,,,,,,,,,,,,,,,,,pineTree19,1-cb13eb431f3e86953ef21ac8f275d778,,,"5633,4958,6161","663,4041,1922",,,,,
,,,,,,,,,,,,,,,,,,,,,,,pineTree2,1-e983a47ff3d9a97f071b4077efad4556,,,"58,58,58","58,58,58",,,,,
,,,,,,,,,,,,,,,,,,,,,,,pineTree20,1-9d6f554ba394a60e9dab795b286297a4,,,"5687,4473,4546","4564,5506,4925",,,,,
,,,,,,,,,,,,,,,,,,,,,,,pineTree21,1-c78bd52f114156c74b873a65c22adb51,,,"4906,4555,2523","133,2648,6153",,,,,
,,,,,,,,,,,,,,,,,,,,,,,pineTree22,1-8aa0eb41b87692c97cc4ce201c86ca27,,,"5471,3597,4041","716,319,5902",,,,,
,,,,,,,,,,,,,,,,,,,,,,,pineTree23,1-b9cb62195a65ff20b19fbdd28c70a5d7,,,"1922,4042,58","663,3525,4958",,,,,
,,,,,,,,,,,,,,,,,,,,,,,pineTree24,1-e6586236e68ac016bdb7981cc24c3ad0,,,"6172,4564,5687","5265,166,3451",,,,,
,,,,,,,,,,,,,,,,,,,,,,,pineTree25,1-3f8a2b855208b58be43993f4acb099e8,,,"172,3585,6224","5752,4546,6161",,,,,
,,,,,,,,,,,,,,,,,,,,,,,pineTree26,1-972a19f9d577b43e3b1a6615146d561a,,,"125,58,58","5506,4473,230",,,,,
,,,,,,,,,,,,,,,,,,,,,,,pineTree27,1-4448f22526fdd14957bec291383be8b8,,,"5633,5122,1922","4925,1519,3597",,,,,
,,,,,,,,,,,,,,,,,,,,,,,pineTree28,1-bd3cd81e8b539f3a171662602f5072a4,,,"5471,172,4546","3451,4958,6224",,,,,
,,,,,,,,,,,,,,,,,,,,,,,pineTree29,1-e0a06174306d9fd1fe84a667e5af177c,,,"166,6153,3525","4906,663,4473",,,,,
,,,,,,,,,,,,,,,,,,,,,,,pineTree3,1-bf13dd743471abe7b60a3ef3c16d8fda,,,"5902,6224,5122","3930,4546,319",,,,,
,,,,,,,,,,,,,,,,,,,,,,,pineTree30,1-adeba3fc75df9d999fec555d0ca00ab4,,,"4564,319,3609","3930,2648,2523",,,,,
,,,,,,,,,,,,,,,,,,,,,,,pineTree31,1-1dcbd13b5560e37b7ce16e85b6509882,,,"6172,6161,133","5506,4042,5122",,,,,
,,,,,,,,,,,,,,,,,,,,,,,pineTree32,1-503d902e4adc6d13a533ab5f4c475dae,,,"5265,4041,5752","4555,716,4925",,,,,
,,,,,,,,,,,,,,,,,,,,,,,pineTree33,1-87fcf80ae050d21d4cd3a1edc08d3453,,,"58,58,58","58,58,58",,,,,
,,,,,,,,,,,,,,,,,,,,,,,pineTree34,1-dc185db7f0dec3730a48318efca19a10,,,"3585,6153,4906","5633,3930,3597",,,,,
,,,,,,,,,,,,,,,,,,,,,,,pineTree35,1-9771ba1e923ea55bf0b4c882e511dd60,,,"4546,3451,4555","4925,1922,6161",,,,,
,,,,,,,,,,,,,,,,,,,,,,,pineTree36,1-e40ad9d540e3c61617800e826cc866c1,,,"1519,5506,3525","5122,319,5687",,,,,
,,,,,,,,,,,,,,,,,,,,,,,pineTree37,1-e6e2831e2d6df15c8c13dd51311bbdde,,,"2523,4564,663","3585,5265,230",,,,,
,,,,,,,,,,,,,,,,,,,,,,,pineTree38,1-624cbf63be22ea1e00c5eedeac695e97,,,"5902,4958,6172","133,3609,4041",,,,,
,,,,,,,,,,,,,,,,,,,,,,,pineTree39,1-3c50ca2b6643270cf17c05bc079c5add,,,"58,58,58","58,58,58",,,,,
,,,,,,,,,,,,,,,,,,,,,,,pineTree4,1-d6d56034195b0aa4965423984d8cdc73,,,"58,58,58","58,58,58",,,,,
,,,,,,,,,,,,,,,,,,,,,,,pineTree40,1-c024e6f756d1f19408a4697e9822fb1b,,,"125,166,5752","5471,4042,5633",,,,,
,,,,,,,,,,,,,,,,,,,,,,,pineTree41,1-a6624e18da91067de086f932dae45aa1,,,"663,5265,3930","3451,6172,5122",,,,,
,,,,,,,,,,,,,,,,,,,,,,,pineTree42,1-88e414f60824fe59229c7d3acfe81921,,,"6153,3597,716","5687,3525,133",,,,,
,,,,,,,,,,,,,,,,,,,,,,,pineTree43,1-c52e554aa1b59588b429aecb733afbb9,,,"3585,4958,1519","4555,6161,5471",,,,,
,,,,,,,,,,,,,,,,,,,,,,,pineTree44,1-0298bb40be34a0ffaaa1aa0daa4c3dfe,,,"4042,4925,4546","3609,5633,2523",,,,,
,,,,,,,,,,,,,,,,,,,,,,,pineTree45,1-481089f022de3e367aa810d2cccc9b33,,,"58,58,58","58,58,58",,,,,
,,,,,,,,,,,,,,,,,,,,,,,pineTree46,1-38136a09449bde8d7187265f24a279f2,,,"2648,5902,4041","166,6224,5506",,,,,
,,,,,,,,,,,,,,,,,,,,,,,pineTree47,1-9673220652a753fec5dc390f1074db2d,,,"4473,319,5265","1922,4906,4546",,,,,
,,,,,,,,,,,,,,,,,,,,,,,pineTree48,1-89514cf04adea0ac60ad240f314ca87f,,,"716,663,4042","5687,5633,4555",,,,,
,,,,,,,,,,,,,,,,,,,,,,,pineTree49,1-0e9a8b8ab4ae313fcb62ff5a8c9b043c,,,"2648,4958,3609","125,3597,6161",,,,,
,,,,,,,,,,,,,,,,,,,,,,,pineTree5,1-3647427dcb8a75aa02e7388854856f53,,,"663,2648,5633","4473,3585,3451",,,,,
,,,,,,,,,,,,,,,,,,,,,,,pineTree50,1-879afbf5fb5f821d29581ab5b6463cf1,,,"6153,4041,172","3930,4564,1922",,,,,
,,,,,,,,,,,,,,,,,,,,,,,pineTree51,1-3f7d7625b0904751e1ec9f0d7e04df16,,,"5471,4473,5902","4925,6172,230",,,,,
,,,,,,,,,,,,,,,,,,,,,,,pineTree52,1-0be33b98da8f7218138b892df5046fe3,,,319166133,"5122,5752,3585",,,,,
,,,,,,,,,,,,,,,,,,,,,,,pineTree53,1-3c7e5e027a9aff4c3bff4a11b7a621fc,,,"58,58,58","58,58,58",,,,,
,,,,,,,,,,,,,,,,,,,,,,,pineTree54,1-37e88918d17ab546cb39142573f387fa,,,"4906,5687,4042","1519,2648,5471",,,,,
,,,,,,,,,,,,,,,,,,,,,,,pineTree55,1-391f752b54ecb2d270915a649b2884c0,,,"4958,5752,4473","5902,3585,3930",,,,,
,,,,,,,,,,,,,,,,,,,,,,,pineTree56,1-39790d75aed850d0d66df1ec6df975b8,,,"58,58,58","58,58,58",,,,,
,,,,,,,,,,,,,,,,,,,,,,,pineTree57,1-8be080d37c2301c52b44e798e4e79249,,,"4546,2523,3525","716,4041,1519",,,,,
,,,,,,,,,,,,,,,,,,,,,,,pineTree58,1-5b518d7e42de179a6977dd43588e7189,,,"5633,4925,166","133,172,5506",,,,,
,,,,,,,,,,,,,,,,,,,,,,,pineTree59,1-29213e312495e56d1e5591cb8cdec836,,,"3597,5122,3609","663,4555,125",,,,,
,,,,,,,,,,,,,,,,,,,,,,,pineTree6,1-8261896f7042848038daa91f59bcdcb9,,,"4564,125,5471","3525,6161,716",,,,,
,,,,,,,,,,,,,,,,,,,,,,,pineTree60,1-5db4fce9ea87957447a58e42b7b0f75c,,,"4564,6161,3451","230,6224,4906",,,,,
,,,,,,,,,,,,,,,,,,,,,,,pineTree7,1-ad7e091d4f363ed389e74081a5c1106e,,,"4042,230,4555","4958,6153,5506",,,,,
,,,,,,,,,,,,,,,,,,,,,,,pineTree8,1-553e2413eab9da0b82ce3fd2fb138ac4,,,"58,58,58","58,58,58",,,,,
,,,,,,,,,,,,,,,,,,,,,,,pineTree9,1-5530c15c4749ee53433a9112b7425801,,,4906716133,"3451,1922,125",,,,,
